SNo,Brandname,Category,Price,ProductName,occasion,returntime
579,Adidas,Women • Originals,₹4 599.00,TANK DRESS,Women • Originals,Secure transactions with hassle free 14 days Exchange and Returns
580,Adidas,Men • Sportswear,₹1 799.00,ESSENTIALS SINGLE JERSEY BIG LOGO TEE,Men • Sportswear,Secure transactions with hassle free 14 days Exchange and Returns
581,Adidas,Men • Training,₹1 999.00,TRAINING ESSENTIALS BASE 3 STRIPES TEE,Men • Training,Secure transactions with hassle free 14 days Exchange and Returns
582,Adidas,Men • Swim,₹2 299.00,YOMPZEE M,Men • Swim,Secure transactions with hassle free 14 days Exchange and Returns
583,Adidas,Basketball,₹4 999.00,ADIDAS BASKETBALL SHORTS,Basketball,Secure transactions with hassle free 14 days Exchange and Returns
584,Adidas,Men • Tennis,₹3 999.00,TENNIS FREELIFT TEE,Men • Tennis,Secure transactions with hassle free 14 days Exchange and Returns
585,Adidas,Women • Running,₹3 999.00,RUN ESS 1/1 TGT,Women • Running,Secure transactions with hassle free 14 days Exchange and Returns
586,Adidas,Men • Swim,₹2 299.00,YOMPZEE M,Men • Swim,Secure transactions with hassle free 14 days Exchange and Returns
587,Adidas,Men • Sportswear,₹4 999.00,TIRO WORDMARK PANTS,Men • Sportswear,Secure transactions with hassle free 14 days Exchange and Returns
588,Adidas,Men • Tennis,₹2 299.00,CLUB PIQUE POLO,Men • Tennis,Secure transactions with hassle free 14 days Exchange and Returns
589,Adidas,Men • Basketball,₹4 599.00,TRAE WINTERIZED SHORTS,Men • Basketball,Secure transactions with hassle free 14 days Exchange and Returns
590,Adidas,Kids Unisex • Sportswear,₹3 999.00,ESSENTIALS COLORBLOCK JOGGER SET KIDS,Kids Unisex • Sportswear,Secure transactions with hassle free 14 days Exchange and Returns
591,Adidas,Men • Originals,₹7 999.00,UTILITY CARGO PANTS,Men • Originals,Secure transactions with hassle free 14 days Exchange and Returns
592,Adidas,Women • Tennis,₹4 599.00,TENNIS MATCH SKIRT,Women • Tennis,Secure transactions with hassle free 14 days Exchange and Returns
593,Adidas,Men • Sportswear,₹3 999.00,SEASONAL ESSENTIALS CAMOUFLAGE SHORTS,Men • Sportswear,Secure transactions with hassle free 14 days Exchange and Returns
594,Adidas,Men • Originals,₹2 999.00,MV TREFOIL GRAPHIC TEE,Men • Originals,Secure transactions with hassle free 14 days Exchange and Returns
595,Adidas,Women • Sportswear,₹2 999.00,ESSENTIALS HIGH-WAISTED LOGO LEGGINGS,Women • Sportswear,Secure transactions with hassle free 14 days Exchange and Returns
596,Adidas,Women • Originals,₹4 999.00,ADICOLOR ESSENTIALS SLIM JOGGERS,Women • Originals,Secure transactions with hassle free 14 days Exchange and Returns
597,Adidas,Men • Running,₹9 999.00,ULTIMATE JACKET,Men • Running,Secure transactions with hassle free 14 days Exchange and Returns
598,Adidas,Men • Running,₹4 999.00,ADIZERO ESSENTIALS RUNNING LONG LEGGINGS,Men • Running,Secure transactions with hassle free 14 days Exchange and Returns
599,Adidas,Men • Running,₹16 999.00,ADIZERO RUNNING LIGHTWEIGHT JACKET,Men • Running,Secure transactions with hassle free 14 days Exchange and Returns
600,Adidas,Men • Football,₹7 999.00,ARSENAL FC 23/24 LFSTLR JERSEY,Men • Football,Secure transactions with hassle free 14 days Exchange and Returns
601,Adidas,Men • Sportswear,₹3 799.00,M 3S SJ TO PT,Men • Sportswear,Secure transactions with hassle free 14 days Exchange and Returns
602,Adidas,Men • Training,₹1 799.00,3 STRIPES POLO TEE,Men • Training,Secure transactions with hassle free 14 days Exchange and Returns
603,Adidas,Men • Training,₹1 799.00,ESSENTIALS CORE POLO TEE,Men • Training,Secure transactions with hassle free 14 days Exchange and Returns
604,Adidas,Men • Originals,₹5 599.00,ADICOLOR CLASSICS FIREBIRD TRACK PANTS,Men • Originals,Secure transactions with hassle free 14 days Exchange and Returns
605,Adidas,Men • Football,₹4 999.00,REAL MADRID TIRO 23 TRAINING PANTS,Men • Football,Secure transactions with hassle free 14 days Exchange and Returns
606,Adidas,Originals,₹18 999.00,BLUE VERSION SEQUIN BECKENBAUER TRACK PANTS (GENDER NEUTRAL),Originals,Secure transactions with hassle free 14 days Exchange and Returns
607,Adidas,Men • Originals,₹3 999.00,GRAPHIC SHORT SLEEVE TEE,Men • Originals,Secure transactions with hassle free 14 days Exchange and Returns
608,Adidas,Men • Running,₹2 999.00,RUN IT SHORTS,Men • Running,Secure transactions with hassle free 14 days Exchange and Returns
609,Adidas,Men • Training,₹2 499.00,ESSENTIALS 3-STRIPES PANTS,Men • Training,Secure transactions with hassle free 14 days Exchange and Returns
610,Adidas,Women • Sportswear,₹2 799.00,FUTURE ICONS WINNERS SHORTS,Women • Sportswear,Secure transactions with hassle free 14 days Exchange and Returns
611,Adidas,Swim,₹2 499.00,SCULPT -ED,Swim,Secure transactions with hassle free 14 days Exchange and Returns
612,Adidas,Men • Sportswear,₹1 799.00,ESSENTIALS SINGLE JERSEY EMBROIDERED SMALL LOGO TEE,Men • Sportswear,Secure transactions with hassle free 14 days Exchange and Returns
613,Adidas,Men • Sportswear,₹1 799.00,ESSENTIALS SINGLE JERSEY EMBROIDERED SMALL LOGO TEE,Men • Sportswear,Secure transactions with hassle free 14 days Exchange and Returns
614,Adidas,Men • Sportswear,₹2 499.00,LINEAR CHELSEA SHORTS,Men • Sportswear,Secure transactions with hassle free 14 days Exchange and Returns
615,Adidas,Men • Cricket,₹7 999.00,INDIA CRICKET ANTHEM JACKET MEN,Men • Cricket,Secure transactions with hassle free 14 days Exchange and Returns
616,Adidas,Originals,₹18 999.00,WALES BONNER LONG SLEEVE KNIT TOP,Originals,Secure transactions with hassle free 14 days Exchange and Returns
617,Adidas,Running,₹7 999.00,OWN THE RUN ADIDAS RUNNERS HOODIE (GENDER NEUTRAL),Running,Secure transactions with hassle free 14 days Exchange and Returns
618,Adidas,Women • Sportswear,₹3 999.00,ESSENTIALS 3-STRIPES ANIMAL PRINT LEGGINGS,Women • Sportswear,Secure transactions with hassle free 14 days Exchange and Returns
619,Adidas,Men • Sportswear,₹2 799.00,ADIDAS SPORTSWEAR FUTURE ICONS LOGO GRAPHIC TEE,Men • Sportswear,Secure transactions with hassle free 14 days Exchange and Returns
620,Adidas,Men • Basketball,₹2 499.00,BASKETBALL BADGE OF SPORT SHORTS,Men • Basketball,Secure transactions with hassle free 14 days Exchange and Returns
621,Adidas,Men • Cricket,₹4 599.00,INDIA CRICKET JOGGER PANTS,Men • Cricket,Secure transactions with hassle free 14 days Exchange and Returns
622,Adidas,Men • Football,₹5 299.00,MANCHESTER UNITED 23/24 AWAY JERSEY,Men • Football,Secure transactions with hassle free 14 days Exchange and Returns
623,Adidas,Men • Originals,₹7 999.00,ADI CARGO PANTS,Men • Originals,Secure transactions with hassle free 14 days Exchange and Returns
624,Adidas,Men • Sportswear,₹4 599.00,TRACKSUIT,Men • Sportswear,Secure transactions with hassle free 14 days Exchange and Returns
625,Adidas,Men • Football,₹5 999.00,JUVENTUS DNA FULL-ZIP HOODIE,Men • Football,Secure transactions with hassle free 14 days Exchange and Returns
626,Adidas,Men • Originals,₹18 999.00,LAWTON TRACK TOP,Men • Originals,Secure transactions with hassle free 14 days Exchange and Returns
627,Adidas,Sportswear,₹7 999.00,CITY ESCAPE UTILITY VEST,Sportswear,Secure transactions with hassle free 14 days Exchange and Returns
628,Adidas,Men • Originals,₹6 999.00,TRACK PANTS,Men • Originals,Secure transactions with hassle free 14 days Exchange and Returns
629,Adidas,Men • Training,₹1 599.00,POLO TEE,Men • Training,Secure transactions with hassle free 14 days Exchange and Returns
630,Adidas,Men • Tennis,₹3 299.00,HEAT.RDY TENNIS POLO SHIRT,Men • Tennis,Secure transactions with hassle free 14 days Exchange and Returns
631,Adidas,Men • Training,₹2 499.00,TR-ES PIQ 3SHO,Men • Training,Secure transactions with hassle free 14 days Exchange and Returns
632,Adidas,Men • Training,₹7 999.00,PUMP WORKOUT PANTS,Men • Training,Secure transactions with hassle free 14 days Exchange and Returns
633,Adidas,Men • Football,₹6 999.00,MANCHESTER UNITED STONE ROSES PRE-MATCH JERSEY,Men • Football,Secure transactions with hassle free 14 days Exchange and Returns
634,Adidas,,,,,
635,Adidas,Women • Sportswear,₹2 499.00,E SWTSHRT,Women • Sportswear,Secure transactions with hassle free 14 days Exchange and Returns
636,Adidas,Men • Football,₹3 599.00,MANCHESTER UNITED TIRO 23 TRAINING JERSEY,Men • Football,Secure transactions with hassle free 14 days Exchange and Returns
637,Adidas,Men • Training,₹1 599.00,POLO TEE,Men • Training,Secure transactions with hassle free 14 days Exchange and Returns
638,Adidas,Men • Sportswear,₹3 999.00,ALL SZN FRENCH TERRY SHORTS,Men • Sportswear,Secure transactions with hassle free 14 days Exchange and Returns
639,Adidas,Women • adidas by Stella McCartney,₹9 999.00,ADIDAS BY STELLA MCCARTNEY 7/8 YOGA LEGGINGS,Women • adidas by Stella McCartney,Secure transactions with hassle free 14 days Exchange and Returns
640,Adidas,Men • Tennis,₹1 799.00,CLUB 3 STRIPES SHORTS,Men • Tennis,Secure transactions with hassle free 14 days Exchange and Returns
641,Adidas,Kids Unisex • Cricket,₹3 599.00,INDIA CRICKET SET INFANTS,Kids Unisex • Cricket,Secure transactions with hassle free 14 days Exchange and Returns
642,Adidas,Women • Sportswear,₹2 999.00,3 STRIPES LEGGINGS,Women • Sportswear,Secure transactions with hassle free 14 days Exchange and Returns
643,Adidas,Men • Sportswear,₹2 799.00,ADIDAS SPORTSWEAR CITY ESCAPE LONG SLEEVE POCKET TEE,Men • Sportswear,Secure transactions with hassle free 14 days Exchange and Returns
644,Adidas,Originals,₹18 999.00,WALES BONNER STATEMENT CARGO PANTS,Originals,Secure transactions with hassle free 14 days Exchange and Returns
645,Adidas,Men • Training,₹1 799.00,3 STRIPES POLO TEE,Men • Training,Secure transactions with hassle free 14 days Exchange and Returns
646,Adidas,Men • Tennis,₹7 999.00,TENNIS HEAT.RDY FREELIFT PRO POLO SHIRT,Men • Tennis,Secure transactions with hassle free 14 days Exchange and Returns
647,Adidas,Men • Training,₹2 799.00,AEROREADY DESIGNED TO MOVE FEELREADY SPORT TEE,Men • Training,Secure transactions with hassle free 14 days Exchange and Returns
648,Adidas,Women • Training,₹2 499.00,TE 3S 78 TIG,Women • Training,Secure transactions with hassle free 14 days Exchange and Returns
649,Adidas,Men • Sportswear,₹2 499.00,LINEAR CHELSEA SHORTS,Men • Sportswear,Secure transactions with hassle free 14 days Exchange and Returns
650,Adidas,Women • Training,₹2 499.00,ESSENTIALS 3 STRIPES TIGHT,Women • Training,Secure transactions with hassle free 14 days Exchange and Returns
651,Adidas,Men • Training,₹1 799.00,ESSENTIALS CORE POLO TEE,Men • Training,Secure transactions with hassle free 14 days Exchange and Returns
652,Adidas,Women • Training,₹2 499.00,ESSENTIALS LINEAR TIGHTS,Women • Training,Secure transactions with hassle free 14 days Exchange and Returns
653,Adidas,Men • Originals,₹3 999.00,SHMOOFOIL FEATHERWEIGHT SHORT SLEEVE TEE,Men • Originals,Secure transactions with hassle free 14 days Exchange and Returns
654,Adidas,Women • Training,₹2 999.00,3 STRIPES 7/8 PANTS,Women • Training,Secure transactions with hassle free 14 days Exchange and Returns
655,Adidas,Men • Originals,₹7 599.00,VRCT SWEAT PANTS,Men • Originals,Secure transactions with hassle free 14 days Exchange and Returns
656,Adidas,Men • Training,₹2 699.00,TRAINING ESSENTIALS BIG LOGO TEE,Men • Training,Secure transactions with hassle free 14 days Exchange and Returns
657,Adidas,Women • Running,₹6 599.00,OWN THE RUN 3-STRIPES PANTS,Women • Running,Secure transactions with hassle free 14 days Exchange and Returns
658,Adidas,Men • Sportswear,₹1 799.00,ESSENTIALS SINGLE JERSEY BIG LOGO TEE,Men • Sportswear,Secure transactions with hassle free 14 days Exchange and Returns
659,Adidas,Men • Football,₹3 999.00,REAL MADRID 23/24 AWAY SHORTS,Men • Football,Secure transactions with hassle free 14 days Exchange and Returns
660,Adidas,Men • Originals,₹3 599.00,ADICOLOR CONTEMPO TEE,Men • Originals,Secure transactions with hassle free 14 days Exchange and Returns
661,Adidas,Women • Sportswear,₹2 499.00,W 3S BK SHO,Women • Sportswear,Secure transactions with hassle free 14 days Exchange and Returns
662,Adidas,Women • Sportswear,₹2 499.00,E SWTSHRT,Women • Sportswear,Secure transactions with hassle free 14 days Exchange and Returns
663,Adidas,Kids Unisex • Football,₹3 599.00,ITALY 24 HOME MINI KIT,Kids Unisex • Football,Secure transactions with hassle free 14 days Exchange and Returns
664,Adidas,Men • Sportswear,₹2 999.00,SOLID CLX CLASSIC-LENGTH SWIM SHORTS,Men • Sportswear,Secure transactions with hassle free 14 days Exchange and Returns
665,Adidas,Men • Swim,₹2 299.00,CONTARO M,Men • Swim,Secure transactions with hassle free 14 days Exchange and Returns
666,Adidas,Girls • Tennis,₹1 199.00,CLUB TANK TOP,Girls • Tennis,Secure transactions with hassle free 14 days Exchange and Returns
667,Adidas,Men • Originals,₹3 599.00,ADICOLOR CONTEMPO TEE,Men • Originals,Secure transactions with hassle free 14 days Exchange and Returns
668,Adidas,Men • Originals,₹18 999.00,BLUE VERSION CHALLENGER TRACK TOP,Men • Originals,Secure transactions with hassle free 14 days Exchange and Returns
669,Adidas,Men • Training,₹1 599.00,POLO TEE,Men • Training,Secure transactions with hassle free 14 days Exchange and Returns
670,Adidas,Men • Originals,₹7 999.00,ADICOLOR CLASSICS SST TRACK JACKET,Men • Originals,Secure transactions with hassle free 14 days Exchange and Returns
671,Adidas,Men • Sportswear,₹3 999.00,SEASONAL ESSENTIALS MONOGRAM GRAPHIC SHORTS,Men • Sportswear,Secure transactions with hassle free 14 days Exchange and Returns
672,Adidas,Men • Sportswear,₹11 999.00,ITAVIC 3-STRIPES LIGHT HOODED JACKET,Men • Sportswear,Secure transactions with hassle free 14 days Exchange and Returns
673,Adidas,,,,,
674,Adidas,Women • Sportswear,₹2 499.00,ESSENTIALS LOGO TEE,Women • Sportswear,Secure transactions with hassle free 14 days Exchange and Returns
